id,name,address,phone,country,reputation,contact,email,website
1,"Thompson, Allen and Porter","0654 Sellers Mission
Shannonbury, VT 42366",9913046459,Sudan,1,Sandy Todd,evanrhodes@example.net,https://www.king.com/
2,"Dougherty, Baker and Steele","93790 Kent Estate
Port Sydneyhaven, OK 80106",628-757-8602x67549,Fiji,2,Jessica Adams,shunt@example.net,https://www.schultz.com/
3,Moore-Jones,"52087 Brandon Shoals Apt. 948
Lake Allisonchester, CT 11810",755-683-2282x1801,Saint Barthelemy,3,Tracy Baker,edward17@example.org,https://carson.com/
4,Drake-George,"386 Coleman Underpass Apt. 591
Taylormouth, MO 37370",+1-716-264-9978x1217,Cyprus,1,John Stone,simmonstonya@example.net,https://www.rivera.com/
5,"Cervantes, Gomez and Johnson","58928 Taylor Knolls
Hillville, NM 93970",927.973.3651,Lao People's Democratic Republic,2,Deborah French,emily17@example.com,https://www.burton-anderson.com/
6,"Taylor, Finley and Alvarez","23146 Mary Divide Apt. 454
Janiceshire, GU 83888",4573260291,Marshall Islands,3,Alex Smith,gailmccoy@example.org,https://lopez.com/
7,Powell PLC,"85062 Jacob Glens
New Kennethfurt, KY 50804",813.406.1208,Montenegro,1,Craig Thomas,ronald01@example.org,https://contreras-elliott.net/
8,"Carr, Graham and Lynch","32395 Richard Unions
Amberberg, IA 62546",001-357-976-0137x365,Colombia,3,Jeffrey Cook,shannonryan@example.com,https://www.perkins.biz/
9,Johnson-Sullivan,"166 Robert Prairie Suite 190
Hammondmouth, MA 13879",+1-592-980-8832,Nicaragua,3,Sarah Williams,christine74@example.net,http://fuller.com/
10,Ramos-Mitchell,"USCGC Cummings
FPO AP 86414",(943)561-4991x663,Puerto Rico,1,Laura Campbell,allison34@example.com,http://www.ramos.com/
11,"Flores, Mccullough and Henson","8491 Smith Park Apt. 242
East Connie, AR 29401",+1-867-472-2518x597,Palestinian Territory,1,Lauren Harmon,michaeldavid@example.com,https://www.mccormick.info/
12,Smith-Baker,"5098 Kathy Estates Suite 525
Maciasshire, SC 91459",595-979-8326,Gibraltar,5,Donald Mckay,floydsteve@example.org,http://peters-thomas.com/
13,"Miller, Miller and Davis","3849 Peck Drive Apt. 958
Kevinport, CO 13648",853-849-0525x630,India,3,Thomas Frey,kthomas@example.com,http://www.harrison.com/
14,Ewing-Howell,"56750 Kenneth Well Apt. 455
Valeriefort, VA 37531",256.223.0977,Iraq,2,Melissa Richard,lmarsh@example.net,https://houston.com/
15,"Burke, Lindsey and Juarez","13171 Mathews Shore
Dillonfort, RI 79668",497-308-0156x038,Bhutan,3,Tara Chambers,charlesdeborah@example.net,https://www.shaffer.com/
16,Fry Inc,"66109 Karen Forest
Patriciaburgh, MP 41306",880.710.1431x00304,Cocos (Keeling) Islands,1,Dr. Tyler Day,aliciasalas@example.net,https://www.stewart-silva.com/
17,Gutierrez Ltd,"26699 Wilson Estate Suite 791
West Markfort, PR 56289",(467)494-3860x2654,Luxembourg,2,Colleen Williams,mosleywilliam@example.com,http://sweeney.com/
18,Thomas Group,"69465 Dixon Grove
North Katherine, MI 50023",745-789-4376x80057,Bulgaria,1,Nicole Cameron,richard11@example.com,http://johnson.com/
19,Williams PLC,"144 Shawn Land
Wellsmouth, ME 68826",877.335.7280,Ecuador,2,Michele Singh,lalexander@example.org,http://www.terrell.com/
20,Estrada-Floyd,"6246 Ray Forges Apt. 281
East Leonardchester, IA 87178",329.463.6565x44785,Solomon Islands,4,Deborah Burke,lweiss@example.org,http://www.mills.com/
21,"Williams, Gonzales and Miller","339 Phillips Ford Suite 652
Pughborough, WY 42524",(503)747-2549,Japan,4,Monica Scott,aclark@example.org,http://weiss.com/
22,Mitchell LLC,"PSC 6081, Box 4695
APO AE 39271",+1-874-793-7168x581,Central African Republic,2,Brittney Johnson,dannyguerrero@example.com,https://williams.com/
23,Reese Inc,"1417 Nicholas Ranch
New Timothy, PA 60159",354-209-8921x1379,Bolivia,3,David Anderson,bowmanmelissa@example.net,https://www.contreras-vazquez.info/
24,Hogan-Rojas,"2942 Ashley Rapids Suite 494
Peterton, SC 76871",001-836-361-7479x0333,Turkmenistan,3,James Diaz,danielle70@example.net,https://www.cowan.com/
25,Carter-Lopez,"0996 Justin Summit Suite 803
South Seantown, SC 16366",001-406-387-0268x6060,Cameroon,3,Michelle Payne,butlersean@example.com,https://martinez.com/
26,Smith-Pitts,"4796 Patrick Valley
Matthewton, MH 89201",701.919.9777x12270,Georgia,2,Tanya Garner,ggomez@example.com,https://www.ballard.com/
27,Thompson-Green,"48631 Hobbs Dam Suite 340
West Patriciaburgh, VT 10962",(481)412-2373,Bosnia and Herzegovina,4,Megan Mejia,sarahernandez@example.org,http://www.rodriguez-taylor.com/
28,"Mcclure, Obrien and Nguyen","925 Crystal Ports
Rodriguezside, MO 60000",449.445.6404x8346,Korea,2,Richard Young,brentduffy@example.com,https://washington-johnson.biz/
29,Griffith-Mays,"032 Nicholas Fields
Port Tanya, MA 53333",781-636-7929x30097,Haiti,5,Lisa Powell,derrickkim@example.org,http://www.bishop.com/
30,Evans-Morris,"648 Kathy Falls
Curryville, CA 84675",+1-645-762-7598x722,Palau,1,William Gomez,dannykelly@example.com,http://www.jones.biz/
31,Ellis Group,"USNS Mcfarland
FPO AE 27260",8897332318,Cape Verde,4,Chad Barr,gandrews@example.net,http://cooper-ramirez.info/
32,"White, Ellis and Miller","9683 Michael Cove Apt. 716
East Laurastad, PW 71623",(740)814-2656x830,Cape Verde,2,Becky Bass,cory90@example.net,http://bernard.net/
33,"Owen, Hodges and Weaver","86635 Troy Burgs
East Raymondview, NJ 93332",(386)694-9436x471,Liechtenstein,2,Todd Allen,ehudson@example.com,http://nelson-hughes.com/
34,Taylor PLC,"USNV Guerrero
FPO AE 03569",(509)982-0312x8230,Guyana,5,Andrew Olson,hwilson@example.com,https://smith-whitney.org/
35,"Stewart, Schneider and Carroll","0546 Mcintyre Harbors Apt. 148
South Leslieburgh, MA 31778",+1-958-421-6835,Zambia,2,Lori Miller,mccormickbenjamin@example.com,https://www.walker.com/
36,Barrett-Moore,"3302 Justin Extensions Apt. 766
Coffeyborough, OR 21983",(786)599-7139x9314,Kiribati,4,Carlos Bishop,barnesrobert@example.org,https://nelson-mclean.com/
37,Shaw-Mills,"1857 Scott Parkway Apt. 136
West Dean, LA 58052",912-964-3521,Sri Lanka,5,Joseph Mendoza,rodriguezcharles@example.net,http://www.clark.com/
38,Fox-Hicks,"69482 Colin Turnpike Apt. 460
South Rachel, PW 93912",(381)543-0334x1603,Tuvalu,1,Jessica Vega,bakeranthony@example.com,https://www.rhodes-smith.com/
39,Campbell-Reeves,"8690 Henderson Corners Apt. 111
Samanthafort, IA 48449",+1-677-838-3953x65199,Malawi,2,Rachel Frazier,rothkaitlin@example.org,https://www.guzman.biz/
40,Morrison LLC,"Unit 8904 Box 0959
DPO AE 86736",+1-470-396-6230x517,Cote d'Ivoire,3,Kayla Rosales,maria66@example.com,http://www.phillips-king.net/
41,"Cohen, Kim and Rodriguez","36330 Rhodes Harbors
Heathermouth, LA 99217",+1-707-322-0245x571,Guyana,4,Joseph Morales,ebarnes@example.org,http://houston.com/
42,Pierce PLC,"87841 Daryl Extensions Apt. 279
Kevinberg, GA 13674",936.982.3358,Kiribati,4,Robert Johnson,yhicks@example.com,https://www.fernandez.com/
43,Delgado-Smith,"Unit 6069 Box 7613
DPO AA 28452",4805943476,Trinidad and Tobago,5,Christine Carter,rhonda03@example.com,http://gibson-wall.com/
44,"Schwartz, Moon and Green","05106 Melanie Stream
Jessicafurt, NM 94325",960.762.9270x4815,Chad,1,Joshua Nichols,cynthia53@example.com,http://www.mann.com/
45,Ryan-Evans,"246 Collins Lakes
West Ashley, MT 76089",001-410-724-1640x9633,Bosnia and Herzegovina,3,Debbie Hurley,danielmorris@example.org,http://www.peterson.com/
46,Reed-Hughes,"19065 Sexton Junctions
East Michaelstad, MI 57310",(505)916-0180x6899,Ireland,4,Mark Garrett,underwoodjames@example.net,http://hansen-adams.com/
47,Zuniga Ltd,"180 Brianna Prairie Apt. 335
Theodorechester, SD 05008",(945)299-9057,Oman,1,Jennifer Ali,sheryl38@example.org,https://larson-brewer.org/
48,Watkins Inc,"069 Brenda Mission
West Michelleland, MS 98165",9896158039,Malaysia,2,John Rangel,dmccormick@example.com,https://long.net/
49,"Hernandez, Williams and Pierce","1916 Todd Radial Apt. 151
South Deborah, CT 90756",447-873-4778,Ireland,3,Kimberly Williams,anna11@example.net,http://www.clark.biz/
50,Carpenter Group,"38237 Shane Keys Apt. 034
West Angel, NV 48324",001-223-990-2026x838,Haiti,1,Charles Hughes,robertjefferson@example.net,https://www.haynes-taylor.org/
51,Lucero PLC,"PSC 7778, Box 5049
APO AE 43486",+1-964-618-5040x8566,Romania,5,Trevor Roberts,griffinkelly@example.net,http://www.alvarez-noble.org/
52,"Walter, Alvarado and Lam","75967 Vincent Street Apt. 322
Darrenmouth, TX 01547",001-701-779-9210x398,Micronesia,3,Timothy Morris,qspencer@example.com,https://www.french-perez.com/
53,Jones-Gomez,"840 Christina Haven
New Catherineside, PR 06908",001-333-622-5040,Poland,3,Cassandra Jackson,lsloan@example.org,http://www.santana-johnson.info/
54,Gibson-Collins,"53189 Heather Curve Apt. 121
Port Marcuschester, WA 06978",655-565-1446x902,Mauritius,5,Amanda Brown,jodywhite@example.com,https://wagner.com/
55,Thompson Group,"32020 Raymond Run Suite 994
Rochamouth, MP 70363",001-895-922-3284x920,Reunion,1,Jacob Villarreal,xwright@example.net,https://moore.com/
56,Cortez Ltd,"0306 Washington Union Suite 850
East Kimberlyfort, NE 15126",479.873.6009,Netherlands Antilles,1,Jeffrey Summers,martha93@example.com,https://www.murray.com/
57,Cooper and Sons,"7103 Daniels Crest
Lake Victorialand, NY 64618",001-222-659-5150x16856,Ireland,4,Matthew Hensley,harold15@example.org,http://www.ross.net/
58,"Burnett, Nunez and Thomas","PSC 2013, Box 5831
APO AP 22728",416-369-1892,Papua New Guinea,2,Heather Roberts,webbkatherine@example.com,http://www.jones.net/
59,Dixon-Walker,"53154 Amanda Summit Suite 184
New Josephton, MD 77340",001-437-800-9846x471,Palau,4,Erica Turner,evanschristina@example.com,https://www.thomas.net/
60,"Miller, Moore and Cordova","29145 Margaret Drive
Port Matthewport, MS 91693",7737491090,Colombia,4,Earl Davis,marywhite@example.com,https://lee.com/
61,"Palmer, Mendez and Ortega","227 Jamie Lights Apt. 286
Thomasberg, IN 01785",736.319.0837x84745,Gambia,4,Larry Ochoa,ynielsen@example.org,http://www.williams.com/
62,Morris-Hunter,"98585 Jessica Centers
Port Brianfort, IN 36384",505-772-0918,Pakistan,4,Janet Sanchez,christian84@example.org,https://www.graves.biz/
63,Jordan-Fox,"21768 Carr Road Suite 265
Vasquezside, MN 39386",6104392532,Sudan,3,Katherine Williamson,theresa39@example.net,https://www.norris.com/
64,Brown-Gordon,"164 Herrera Shoals Suite 653
Reyeschester, LA 48902",(285)297-7337x13689,Belize,3,Grant David,dadams@example.org,http://www.robinson-mata.com/
65,Wells Ltd,"0566 Murray Meadows
Torresfurt, AK 41048",(843)928-2164,North Macedonia,3,Robin Anderson,haneymakayla@example.com,https://johnson.net/
66,Warren-Armstrong,"USCGC Dixon
FPO AP 24443",450.520.6549x2848,Madagascar,5,Joseph Fuller MD,nicholssamantha@example.net,https://adams.com/
67,"Green, Pearson and Peterson","4086 Amanda Union Suite 875
Alfredville, MD 09192",237.347.9592x456,Malawi,1,Larry Rios,drakesara@example.org,http://hunter.com/
68,"Owens, Johnson and Flores","4183 David Motorway
Conradbury, MT 45656",930.643.1602x30595,French Guiana,3,Deborah Petersen,xtaylor@example.org,http://www.walters.com/
69,"Patel, Roberts and Rose","USNS Gilbert
FPO AE 99770",+1-984-574-8221x072,Sao Tome and Principe,3,Christopher Wood,ocuevas@example.net,https://www.lopez.com/
70,"Jones, Carter and Wilson","9728 Martinez Mountain
Wrightfort, PW 66803",446.636.4245,Saudi Arabia,5,Kelli Moore,gregorylittle@example.net,http://www.knight.org/
71,"Barry, Alvarez and Woods","63503 David Glen
Benitezview, VI 52972",+1-735-799-5218x828,Mozambique,2,Amanda Stein,johngreen@example.org,https://lawrence-johnson.net/
72,Reed-Morales,"57859 Samantha Drive Apt. 073
Mitchellhaven, MI 15288",001-721-728-9204x273,Vietnam,3,Stacey Henderson,codyyoung@example.net,http://russell.info/
73,"Gordon, Dougherty and Mitchell","3037 Jason Stream Suite 563
Joneston, OK 96636",858-389-8153,Guinea-Bissau,3,Jennifer Wade,robinsondavid@example.com,http://smith.net/
74,Rodriguez-Petty,"Unit 6299 Box 2721
DPO AE 35270",569.887.5627x2170,Croatia,4,Christopher Robinson,michaelharris@example.com,http://gonzales.info/
75,"Young, Thomas and Casey","5077 Thompson Lakes
Danielsmouth, SC 31977",(809)627-6156x09434,Niue,3,Andrew James,nathanielharrison@example.org,https://www.burton-kramer.com/
76,"Mayo, Villa and Barton","Unit 0466 Box 9289
DPO AE 82791",989.413.3622x905,Lao People's Democratic Republic,3,Kevin Donovan,perezmario@example.com,https://ferguson.com/
77,"Wheeler, Warner and Figueroa","27879 Jason Dam Suite 556
West Billyville, PR 99793",001-821-481-8935x54660,French Southern Territories,2,Robert Hunt,nortonmark@example.com,https://payne.com/
78,King-Blake,"4156 Cook Valley
Lake Melanie, AK 02575",001-446-833-5083x650,Israel,2,Brian Cox,tyrone28@example.org,https://www.woods-lopez.org/
79,"Gross, Morris and Brandt","9730 Angela Drive Suite 201
Juliechester, MS 04651",001-289-502-1520x696,Gibraltar,5,Christopher Mills,dconway@example.org,https://www.ramos-clark.com/
80,Gordon-Price,"45848 Matthew Greens Suite 298
Bullockfurt, PR 66471",001-876-776-1370,Belarus,4,Dominic Franklin,larry69@example.net,http://www.beck-cruz.com/
81,"Anderson, Riley and Edwards","556 Ashley Islands
East Anna, MP 62353",(299)276-5112x096,Aruba,4,Shawn Kelley,isabella23@example.com,http://parks.com/
82,Murphy-Richardson,"685 Nolan Ports
West Jeffreyton, TX 29778",001-457-472-4350x6560,Aruba,3,Amanda Lopez,littlejeffrey@example.net,https://www.smith-finley.com/
83,Watson Group,"USNV Garcia
FPO AP 31185",001-378-771-1525x4371,French Polynesia,1,Joseph Weber,jeffrey93@example.net,http://www.stevens-harris.org/
84,Martinez Ltd,"673 Vanessa Green Apt. 659
Port Debrafort, MT 38834",430.597.0202,Kenya,2,Stanley Santiago,jessica81@example.net,https://meza.biz/
85,Payne Group,"5308 Peggy Greens Apt. 275
Garyhaven, CA 39515",622.955.2213,Bolivia,4,Alex Griffith,rfisher@example.com,http://higgins-crawford.com/
86,Cabrera-Jacobs,"1354 Crawford Extensions
South Jamesfurt, MA 02156",637.359.6682x796,Grenada,2,Matthew Merritt,gbarnett@example.net,https://smith.com/
87,Salinas and Sons,"0974 Adam Extensions Apt. 267
South Kellyview, NV 30136",(480)258-3573x4633,Tonga,1,Stephen Jones,justin66@example.net,http://www.hudson-mooney.com/
88,Moran-Baker,"566 Kim Burgs
Natashaville, TN 47890",(628)955-8798x088,Libyan Arab Jamahiriya,5,Lisa Chambers,jwalker@example.com,http://www.harvey.info/
89,Savage Inc,"5111 Robertson Orchard Apt. 386
Lake Alexander, MH 23433",584.763.6206x50774,Somalia,1,Lisa James,vcastaneda@example.net,http://www.branch.biz/
90,Smith-Williams,"7693 Jason Mission Suite 420
East Kristy, DC 55025",626-772-7455x216,Eritrea,5,Emily Hammond,juliekaufman@example.org,http://www.roberts.net/
91,Herrera Group,"301 Brandon Common Apt. 371
West James, NY 94445",(802)391-4099,Iceland,4,Laura Hanna,wardkelly@example.com,http://www.kelley.com/
92,"Black, Marshall and Lawrence","53474 Cynthia Pines Suite 682
Morsechester, PA 31038",529-592-5981,Bouvet Island (Bouvetoya),4,Rachael Clark,campbellphilip@example.com,http://mitchell.com/
93,"Malone, Jacobs and Swanson","9327 Harris Mall
Hancockmouth, IA 29482",(968)791-7644x38367,Mayotte,3,Jeffrey Reyes,cruzmargaret@example.com,https://www.gibson.com/
94,Lambert-Lucas,"22579 Susan Route
Ericfort, VA 10335",608-637-6802x84173,Estonia,2,Diamond Pennington,yrhodes@example.com,http://www.smith-cohen.biz/
95,"Ryan, Garcia and Bridges","Unit 1331 Box 6116
DPO AA 05403",758-234-8578x004,Cuba,3,Tina Norton,isanchez@example.net,http://www.hayes.info/
96,Adams-Davis,"067 Cynthia Keys Apt. 872
East Annefort, NH 45796",(521)236-0506x03999,Nauru,3,Daniel Bryan,elizabeth35@example.net,https://www.thompson.com/
97,Taylor PLC,"939 Nguyen Light
West Carol, IN 79273",(435)753-9222,Bhutan,4,Amy Sanders,ptaylor@example.net,http://lynch-clarke.com/
98,Scott PLC,"7282 Nicholas View
West Dianeland, HI 88986",(205)338-3118x63788,Congo,1,Tara Mendez,benjaminfox@example.org,http://white.net/
99,Velez-Berry,"22266 Blanchard Parkway
East Latashamouth, OR 91044",(658)453-1556x744,South Georgia and the South Sandwich Islands,3,Charles Scott,brittanyyoung@example.net,https://fisher-leon.com/
100,"Morales, Fitzpatrick and Ferguson","92311 Pamela Crest Apt. 375
Haaston, OR 65987",001-480-747-4576x6583,Saint Vincent and the Grenadines,1,Kevin Turner,bradleyphilip@example.net,https://byrd.com/
